,train_stats,val_stats,test_stats
event_time_count,1623.0,202.0,202.0
event_time_mean,477.6845348120764,505.480198019802,419.1287128712871
event_time_std,527.3252893988638,493.531634984333,381.1940565167671
event_time_min,0.0,3.0,3.0
event_time_25%,175.0,206.75,178.0
event_time_50%,327.0,358.0,329.0
event_time_75%,588.0,585.5,530.25
event_time_max,3881.0,2883.0,2883.0
censorship_1,1304,152,161
censorship_0,319,50,41
